{"cameraMode":{"drawMode":0,"name":"Shaded","section":"Shading Mode"},"sceneLighting":true,"audioPlay":false,"sceneViewState":{"showFog":true,"showMaterialUpdate":false,"showSkybox":true,"showFlares":true,"showImageEffects":true,"showParticleSystems":true},"in2DMode":false,"pivot":{"x":12.199999809265137,"y":4.079999923706055,"z":-1.5499999523162842},"rotation":{"x":-0.07361435890197754,"y":0.8862159252166748,"z":-0.15111985802650453,"w":-0.4317001402378082},"size":3.7205252647399904,"orthographic":true}