{"cameraMode":{"drawMode":0,"name":"Shaded","section":"Shading Mode"},"sceneLighting":true,"audioPlay":false,"sceneViewState":{"showFog":true,"showMaterialUpdate":false,"showSkybox":true,"showFlares":true,"showImageEffects":true,"showParticleSystems":true},"in2DMode":false,"pivot":{"x":0.019518107175827028,"y":0.06255000829696655,"z":0.0},"rotation":{"x":0.249913290143013,"y":-0.6270419955253601,"z":0.22279459238052369,"w":0.7033664584159851},"size":1.615871548652649,"orthographic":true}