{"cameraMode":{"drawMode":0,"name":"Shaded","section":"Shading Mode"},"sceneLighting":true,"audioPlay":false,"sceneViewState":{"showFog":true,"showMaterialUpdate":false,"showSkybox":true,"showFlares":true,"showImageEffects":true,"showParticleSystems":true},"in2DMode":false,"pivot":{"x":3.0457215309143068,"y":-0.8215943574905396,"z":-4.744187355041504},"rotation":{"x":-0.06385539472103119,"y":0.8738261461257935,"z":-0.11948774755001068,"w":-0.46698302030563357},"size":7.640633583068848,"orthographic":true}