{"cameraMode":{"drawMode":0,"name":"Shaded","section":"Shading Mode"},"sceneLighting":true,"audioPlay":false,"sceneViewState":{"showFog":true,"showMaterialUpdate":false,"showSkybox":true,"showFlares":true,"showImageEffects":true,"showParticleSystems":true},"in2DMode":false,"pivot":{"x":-18.452007293701173,"y":-18.665639877319337,"z":76.0037612915039},"rotation":{"x":0.11998778581619263,"y":-0.2182089239358902,"z":0.027044685557484628,"w":0.9681200385093689},"size":87.53866577148438,"orthographic":false}