{"cameraMode":{"drawMode":0,"name":"Shaded","section":"Shading Mode"},"sceneLighting":true,"audioPlay":false,"sceneViewState":{"showFog":true,"showMaterialUpdate":false,"showSkybox":true,"showFlares":true,"showImageEffects":true,"showParticleSystems":true},"in2DMode":false,"pivot":{"x":0.019518107175827028,"y":0.06255000829696655,"z":0.0},"rotation":{"x":-0.10835223644971848,"y":-0.8672394752502441,"z":0.21581408381462098,"w":-0.4354076385498047},"size":0.7755184173583984,"orthographic":true}